OLED97G45LW.AEU,,OLED97G45LW,,98QN990C
OLED97G29LA.AEU,,OLED97G29LA,,98QN90D
OLED83M39LA.AEU,,OLED83M39LA,,98DU90
OLED83G45LW.AEU,,OLED83G45LW,,85QN900D
OLED83G33LA.AEU,,OLED83G33LA,,85QN800D
OLED83C44LA.AEU,,OLED83C44LA,,85QN700D
OLED83C43LA.AEU,,OLED83C43LA,,83S95D
OLED83C31LA.AEU,,OLED83C31LA,,83S90D
OLED77Z39LA.AEU,,OLED77Z39LA,,83S85D
OLED77G45LW.AEU,,OLED77G45LW,,85Q80D
OLED77G33LA.AEU,,OLED77G33LA,,85LS03D
OLED77G23LA.AEU,,OLED77G23LA,,85Q70D
OLED77C45LA.AEU,,OLED77C45LA,,85Q60D
OLED77C44LA.AEU,,OLED77C44LA,,85DU85
OLED77C43LA.AEU,,OLED77C43LA,,85DU80
OLED77C32LA.AEU,,OLED77C32LA,,85DU71
OLED77C31LA.AEU,,OLED77C31LA,,85DU60
OLED77C22LB.AEU,,OLED77C22LB,,75QN900D
OLED77C21LA.AEU,,OLED77C21LA,,75QN800D
OLED77C11LB.AEU,,OLED77C11LB,,75QN700D
OLED77B4ELA.AEU,,OLED77B4ELA,,77S95D
OLED77B46LA.AEU,,OLED77B46LA,,77S90D
OLED77B42LA.AEU,,OLED77B42LA,,77S85D
OLED77B33LA.AEU,,OLED77B33LA,,75Q80D
OLED65G46LS.AEU,,OLED65G46LS,,75LS03D
OLED65G45LW.AEU,,OLED65G45LW,,75Q70D
OLED65G33LA.AEU,,OLED65G33LA,,75Q60D
OLED65G23LA.AEU,,OLED65G23LA,,75DU85
OLED65CS6LA.AEU,,OLED65CS6LA,,75DU80
OLED65C45LA.AEU,,OLED65C45LA,,75DU71
OLED65C44LA.AEU,,OLED65C44LA,,75DU60
OLED65C43LA.AEU,,OLED65C43LA,,65QN900D
OLED65C32LA.AEU,,OLED65C32LA,,65QN800D
OLED65C31LA.AEU,,OLED65C31LA,,65QN700D
OLED65C22LB.AEU,,OLED65C22LB,,65S95D
OLED65C21LA.AEU,,OLED65C21LA,,65S90D
OLED65B4ELA.AEU,,OLED65B4ELA,,65S85D
OLED65B46LA.AEU,,OLED65B46LA,,65Q60D
OLED65B42LA.AEU,,OLED65B42LA,,65LS03D
OLED65B33LA.AEU,,OLED65B33LA,,65LS01D
OLED55G46LS.AEU,,OLED55G46LS,,65Q70D
OLED55G45LW.AEU,,OLED55G45LW,,65DU85
OLED55G33LA.AEU,,OLED55G33LA,,65DU80
OLED55G23LA.AEU,,OLED55G23LA,,65DU71
OLED55CS6LA.AEU,,OLED55CS6LA,,65DU60
OLED55C45LA.AEU,,OLED55C45LA,,55QN700D
OLED55C44LA.AEU,,OLED55C44LA,,55S95D
OLED55C43LA.AEU,,OLED55C43LA,,55S90D
OLED55C32LA.AEU,,OLED55C32LA,,55S85D
OLED55C31LA.AEU,,OLED55C31LA,,55QN85D
OLED55C21LA.AEU,,OLED55C21LA,,55Q80D
OLED55B4ELA.AEU,,OLED55B4ELA,,55LS03D
OLED55B46LA.AEU,,OLED55B46LA,,55LS01D
OLED55B42LA.AEU,,OLED55B42LA,,55Q70D
OLED55B33LA.AEU,,OLED55B33LA,,55Q60D
OLED48C45LA.AEU,,OLED48C45LA,,55DU85
OLED48C44LA.AEU,,OLED48C44LA,,55DU80
OLED48C43LA.AEU,,OLED48C43LA,,55DU71
OLED48C32LA.AEU,,OLED48C32LA,,55DU60
OLED48C31LA.AEU,,OLED48C31LA,,48S90D
OLED42C45LA.AEU,,OLED42C45LA,,48S85D
OLED42C44LA.AEU,,OLED42C44LA,,50Q80D
OLED42C32LA.AEU,,OLED42C32LA,,50LS03D
OLED42C31LA.AEU,,OLED42C31LA,,50LS01D
OLED42C26LB.AEU,,OLED42C26LB,,50Q70D
55LX1Q3LA.AEU,,55LX1Q3LA,,50Q60D
48LX1Q3LA.AEU,,48LX1Q3LA,,50DU85
42LX1Q3LA.AEU,,42LX1Q3LA,,50DU80
98QNED89T6A.AEEQ,,98QNED89T6A,,50DU71
86QNED91T6A.AEU,,86QNED91T6A,,50DU60
86QNED913QE.AEU,,86QNED913QE,,43Q80D
86QNED913PA.AEU,,86QNED913PA,,43LS03D
86QNED86T6A.AEU,,86QNED86T6A,,43LS01D
86QNED863RE.AEU,,86QNED863RE,,43Q70D
86QNED85T6C.AEU,,86QNED85T6C,,43Q60D
86QNED813RE.AEU,,86QNED813RE,,43DU85
86QNED80T6A.AEU,,86QNED80T6A,,43DU80
75QNED91T6A.AEU,,75QNED91T6A,,43DU71
75QNED913QE.AEU,,75QNED913QE,,43DU60
75QNED87T6B.AEU,,75QNED87T6B,,
75QNED86T6A.AEU,,75QNED86T6A,,
75QNED863RE.AEU,,75QNED863RE,,
75QNED85T6C.AEU,,75QNED85T6C,,
75QNED813RE.AEU,,75QNED813RE,,
75QNED80T6A.AEU,,75QNED80T6A,,
75QNED753RA.AEU,,75QNED753RA,,
65QNED963QA.AEU,,65QNED963QA,,
65QNED91T6A.AEU,,65QNED91T6A,,
65QNED913QE.AEU,,65QNED913QE,,
65QNED87T6B.AEU,,65QNED87T6B,,
65QNED86T6A.AEU,,65QNED86T6A,,
65QNED863RE.AEU,,65QNED863RE,,
65QNED863QA.AEU,,65QNED863QA,,
65QNED85T6C.AEU,,65QNED85T6C,,
65QNED823RE.AEU,,65QNED823RE,,
65QNED823QB.AEU,,65QNED823QB,,
65QNED813RE.AEU,,65QNED813RE,,
65QNED80T6A.AEU,,65QNED80T6A,,
65QNED753RA.AEU,,65QNED753RA,,
55QNED87T6B.AEU,,55QNED87T6B,,
55QNED873QB.AEU,,55QNED873QB,,
55QNED86T6A.AEU,,55QNED86T6A,,
55QNED863RE.AEU,,55QNED863RE,,
55QNED85T6C.AEU,,55QNED85T6C,,
55QNED823RE.AEU,,55QNED823RE,,
55QNED823QB.AEU,,55QNED823QB,,
55QNED813RE.AEU,,55QNED813RE,,
55QNED813QA.AEU,,55QNED813QA,,
55QNED80T6A.AEU,,55QNED80T6A,,
55QNED776RB.AEU,,55QNED776RB,,
55QNED753RA.AEU,,55QNED753RA,,
50QNED87T6B.AEU,,50QNED87T6B,,
50QNED86T6A.AEU,,50QNED86T6A,,
50QNED85T6A.AEU,,50QNED85T6A,,
50QNED823RE.AEU,,50QNED823RE,,
50QNED813RE.AEU,,50QNED813RE,,
50QNED80T6A.AEU,,50QNED80T6A,,
50QNED776RB.AEU,,50QNED776RB,,
50QNED753RA.AEU,,50QNED753RA,,
43QNED80T6A.AEU,,43QNED80T6A,,
43QNED776RB.AEU,,43QNED776RB,,
43QNED753RA.AEU,,43QNED753RA,,
86NANO81T6A.AEU,,86NANO81T6A,,
86NANO763QA.AEU,,86NANO763QA,,
75NANO82T6B.AEU,,75NANO82T6B,,
75NANO81T6A.AEU,,75NANO81T6A,,
75NANO763QA.AEU,,75NANO763QA,,
70NANO763QA.AEU,,70NANO763QA,,
65NANO82T6B.AEU,,65NANO82T6B,,
65NANO81T6A.AEU,,65NANO81T6A,,
65NANO763QA.AEU,,65NANO763QA,,
65NANO756QC.AEU,,65NANO756QC,,
55NANO82T6B.AEU,,55NANO82T6B,,
55NANO81T6A.AEU,,55NANO81T6A,,
55NANO763QA.AEU,,55NANO763QA,,
55NANO756QC.AEU,,55NANO756QC,,
50NANO82T6B.AEU,,50NANO82T6B,,
50NANO81T6A.AEU,,50NANO81T6A,,
50NANO813QA.AEU,,50NANO813QA,,
50NANO763QA.AEU,,50NANO763QA,,
43NANO82T6B.AEU,,43NANO82T6B,,
43NANO81T6A.AEU,,43NANO81T6A,,
43NANO763QA.AEU,,43NANO763QA,,
43NANO756QC.AEU,,43NANO756QC,,
86UT81006LA.AEU,,86UT81006LA,,
86UR81003LA.AEU,,86UR81003LA,,
86UR78003LB.AEU,,86UR78003LB,,
86UR76003LC.AEU,,86UR76003LC,,
75UT91006LA.AEU,,75UT91006LA,,
75UT81006LA.AEU,,75UT81006LA,,
75UR91003LA.AEU,,75UR91003LA,,
75UR81003LJ.AEU,,75UR81003LJ,,
75UR78003LK.AEU,,75UR78003LK,,
75UR76003LL.AEU,,75UR76003LL,,
70UR80003LJ.AEU,,70UR80003LJ,,
70UQ81003LB.AEU,,70UQ81003LB,,
65UT91006LA.AEU,,65UT91006LA,,
65UT81006LA.AEU,,65UT81006LA,,
65UT73006LA.AEEQ,,65UT73006LA,,
65UR91003LA.AEU,,65UR91003LA,,
65UR81003LJ.AEU,,65UR81003LJ,,
65UR80003LJ.AEU,,65UR80003LJ,,
65UR78006LK.AEU,,65UR78006LK,,
65UR78003LK.AEU,,65UR78003LK,,
65UR76003LL.AEU,,65UR76003LL,,
65UR73003LA.AEEQ,,65UR73003LA,,
65UQ70003LB.AEEQ,,65UQ70003LB,,
60UQ81003LB.AEU,,60UQ81003LB,,
55UT91006LA.AEU,,55UT91006LA,,
55UT81006LA.AEU,,55UT81006LA,,
55UT73006LA.AEEQ,,55UT73006LA,,
55UR91003LA.AEU,,55UR91003LA,,
55UR81003LJ.AEU,,55UR81003LJ,,
55UR80003LJ.AEU,,55UR80003LJ,,
55UR78006LK.AEU,,55UR78006LK,,
55UR78003LK.AEU,,55UR78003LK,,
55UR74003LB.AEEQ,,55UR74003LB,,
55UR73006LA.AEEQ,,55UR73006LA,,
55UR73003LA.AEEQ,,55UR73003LA,,
55UQ81003LB.AEU,,55UQ81003LB,,
55UP80003LR.AEU,,55UP80003LR,,
50UT91006LA.AEU,,50UT91006LA,,
50UT81006LA.AEU,,50UT81006LA,,
50UT73006LA.AEEQ,,50UT73006LA,,
50UR91003LA.AEU,,50UR91003LA,,
50UR81003LJ.AEU,,50UR81003LJ,,
50UR80003LJ.AEU,,50UR80003LJ,,
50UR78006LK.AEU,,50UR78006LK,,
50UR78003LK.AEU,,50UR78003LK,,
50UR73003LA.AEEQ,,50UR73003LA,,
50UQ80003LB.AEU,,50UQ80003LB,,
50UQ75003LF.AEU,,50UQ75003LF,,
50UP77003LB.AEU,,50UP77003LB,,
43UT91006LA.AEU,,43UT91006LA,,
43UT81006LA.AEU,,43UT81006LA,,
43UT73006LA.AEEQ,,43UT73006LA,,
43UR91003LA.AEU,,43UR91003LA,,
43UR81003LJ.AEU,,43UR81003LJ,,
43UR80003LJ.AEU,,43UR80003LJ,,
43UR78006LK.AEU,,43UR78006LK,,
43UR78003LK.AEU,,43UR78003LK,,
43UR74003LB.AEEQ,,43UR74003LB,,
43UR73003LA.AEEQ,,43UR73003LA,,
43UQ81003LB.AEU,,43UQ81003LB,,
43UQ76903LE.AEU,,43UQ76903LE,,
32LQ63806LC.AEU,,32LQ63806LC,,
32LQ630B6LA.AEU,,32LQ630B6LA,,
32LQ63006LA.AEU,,32LQ63006LA,,
32LQ570B6LA.AEU,,32LQ570B6LA,,
27ART10AKPL.AEUW,,27ART10AKPL,,
