OLED97G45LW.AEU,,OLED97G45LW,,98QN990Cxx
OLED97G29LA.AEU,,OLED97G29LA,,98QN90Dxx
OLED83M39LA.AEU,,OLED83M39LA,,98DU90xx
OLED83G45LW.AEU,,OLED83G45LW,,85QN900Dxx
OLED83G33LA.AEU,,OLED83G33LA,,85QN800Dxx
OLED83C44LA.AEU,,OLED83C44LA,,85QN700Dxx
OLED83C43LA.AEU,,OLED83C43LA,,83S95Dxx
OLED83C31LA.AEU,,OLED83C31LA,,83S90Dxx
OLED77Z39LA.AEU,,OLED77Z39LA,,83S85Dxx
OLED77G45LW.AEU,,OLED77G45LW,,85Q80Dxx
OLED77G33LA.AEU,,OLED77G33LA,,85LS03Dxx
OLED77G23LA.AEU,,OLED77G23LA,,85Q70Dxx
OLED77C45LA.AEU,,OLED77C45LA,,85Q60Dxx
OLED77C44LA.AEU,,OLED77C44LA,,85DU85xx
OLED77C43LA.AEU,,OLED77C43LA,,85DU80xx
OLED77C32LA.AEU,,OLED77C32LA,,85DU71xx
OLED77C31LA.AEU,,OLED77C31LA,,85DU60xx
OLED77C22LB.AEU,,OLED77C22LB,,75QN900Dxx
OLED77C21LA.AEU,,OLED77C21LA,,75QN800Dxx
OLED77C11LB.AEU,,OLED77C11LB,,75QN700Dxx
OLED77B4ELA.AEU,,OLED77B4ELA,,77S95Dxx
OLED77B46LA.AEU,,OLED77B46LA,,77S90Dxx
OLED77B42LA.AEU,,OLED77B42LA,,77S85Dxx
OLED77B33LA.AEU,,OLED77B33LA,,75Q80Dxx
OLED65G46LS.AEU,,OLED65G46LS,,75LS03Dxx
OLED65G45LW.AEU,,OLED65G45LW,,75Q70Dxx
OLED65G33LA.AEU,,OLED65G33LA,,75Q60Dxx
OLED65G23LA.AEU,,OLED65G23LA,,75DU85xx
OLED65CS6LA.AEU,,OLED65CS6LA,,75DU80xx
OLED65C45LA.AEU,,OLED65C45LA,,75DU71xx
OLED65C44LA.AEU,,OLED65C44LA,,75DU60xx
OLED65C43LA.AEU,,OLED65C43LA,,65QN900Dxx
OLED65C32LA.AEU,,OLED65C32LA,,65QN800Dxx
OLED65C31LA.AEU,,OLED65C31LA,,65QN700Dxx
OLED65C22LB.AEU,,OLED65C22LB,,65S95Dxx
OLED65C21LA.AEU,,OLED65C21LA,,65S90Dxx
OLED65B4ELA.AEU,,OLED65B4ELA,,65S85Dxx
OLED65B46LA.AEU,,OLED65B46LA,,65Q60Dxx
OLED65B42LA.AEU,,OLED65B42LA,,65LS03Dxx
OLED65B33LA.AEU,,OLED65B33LA,,65LS01Dxx
OLED55G46LS.AEU,,OLED55G46LS,,65Q70Dxx
OLED55G45LW.AEU,,OLED55G45LW,,65DU85xx
OLED55G33LA.AEU,,OLED55G33LA,,65DU80xx
OLED55G23LA.AEU,,OLED55G23LA,,65DU71xx
OLED55CS6LA.AEU,,OLED55CS6LA,,65DU60xx
OLED55C45LA.AEU,,OLED55C45LA,,55QN700Dxx
OLED55C44LA.AEU,,OLED55C44LA,,55S95Dxx
OLED55C43LA.AEU,,OLED55C43LA,,55S90Dxx
OLED55C32LA.AEU,,OLED55C32LA,,55S85Dxx
OLED55C31LA.AEU,,OLED55C31LA,,55QN85Dxx
OLED55C21LA.AEU,,OLED55C21LA,,55Q80Dxx
OLED55B4ELA.AEU,,OLED55B4ELA,,55LS03Dxx
OLED55B46LA.AEU,,OLED55B46LA,,55LS01Dxx
OLED55B42LA.AEU,,OLED55B42LA,,55Q70Dxx
OLED55B33LA.AEU,,OLED55B33LA,,55Q60Dxx
OLED48C45LA.AEU,,OLED48C45LA,,55DU85xx
OLED48C44LA.AEU,,OLED48C44LA,,55DU80xx
OLED48C43LA.AEU,,OLED48C43LA,,55DU71xx
OLED48C32LA.AEU,,OLED48C32LA,,55DU60xx
OLED48C31LA.AEU,,OLED48C31LA,,48S90Dxx
OLED42C45LA.AEU,,OLED42C45LA,,48S85Dxx
OLED42C44LA.AEU,,OLED42C44LA,,50Q80Dxx
OLED42C32LA.AEU,,OLED42C32LA,,50LS03Dxx
OLED42C31LA.AEU,,OLED42C31LA,,50LS01Dxx
OLED42C26LB.AEU,,OLED42C26LB,,50Q70Dxx
55LX1Q3LA.AEU,,55LX1Qxx,,50Q60Dxx
48LX1Q3LA.AEU,,48LX1Qxx,,50DU85xx
42LX1Q3LA.AEU,,42LX1Qxx,,50DU80xx
98QNED89T6A.AEEQ,,98QNED89T6A,,50DU71xx
86QNED91T6A.AEU,,86QNED91T6A,,50DU60xx
86QNED913QE.AEU,,86QNED91Qxx,,43Q80Dxx
86QNED913PA.AEU,,86QNED91Pxx,,43LS03Dxx
86QNED86T6A.AEU,,86QNED86T6A,,43LS01Dxx
86QNED863RE.AEU,,86QNED86Rxx,,43Q70Dxx
86QNED85T6C.AEU,,86QNED85T6C,,43Q60Dxx
86QNED813RE.AEU,,86QNED81Rxx,,43DU85xx
86QNED80T6A.AEU,,86QNED80T6A,,43DU80xx
75QNED91T6A.AEU,,75QNED91T6A,,43DU71xx
75QNED913QE.AEU,,75QNED91Qxx,,43DU60xx
75QNED87T6B.AEU,,75QNED87T6B,,
75QNED86T6A.AEU,,75QNED86T6A,,
75QNED863RE.AEU,,75QNED86Rxx,,
75QNED85T6C.AEU,,75QNED85T6C,,
75QNED813RE.AEU,,75QNED81Rxx,,
75QNED80T6A.AEU,,75QNED80T6A,,
75QNED753RA.AEU,,75QNED75Rxx,,
65QNED963QA.AEU,,65QNED96Qxx,,
65QNED91T6A.AEU,,65QNED91T6A,,
65QNED913QE.AEU,,65QNED91Qxx,,
65QNED87T6B.AEU,,65QNED87T6B,,
65QNED86T6A.AEU,,65QNED86T6A,,
65QNED863RE.AEU,,65QNED86Rxx,,
65QNED863QA.AEU,,65QNED86Qxx,,
65QNED85T6C.AEU,,65QNED85T6C,,
65QNED823RE.AEU,,65QNED82Rxx,,
65QNED823QB.AEU,,65QNED82Qxx,,
65QNED813RE.AEU,,65QNED81Rxx,,
65QNED80T6A.AEU,,65QNED80T6A,,
65QNED753RA.AEU,,65QNED75Rxx,,
55QNED87T6B.AEU,,55QNED87T6B,,
55QNED873QB.AEU,,55QNED87Qxx,,
55QNED86T6A.AEU,,55QNED86T6A,,
55QNED863RE.AEU,,55QNED86Rxx,,
55QNED85T6C.AEU,,55QNED85T6C,,
55QNED823RE.AEU,,55QNED82Rxx,,
55QNED823QB.AEU,,55QNED82Qxx,,
55QNED813RE.AEU,,55QNED81Rxx,,
55QNED813QA.AEU,,55QNED81Qxx,,
55QNED80T6A.AEU,,55QNED80T6A,,
55QNED776RB.AEU,,55QNED77Rxx,,
55QNED753RA.AEU,,55QNED75Rxx,,
50QNED87T6B.AEU,,50QNED87T6B,,
50QNED86T6A.AEU,,50QNED86T6A,,
50QNED85T6A.AEU,,50QNED85T6A,,
50QNED823RE.AEU,,50QNED82Rxx,,
50QNED813RE.AEU,,50QNED81Rxx,,
50QNED80T6A.AEU,,50QNED80T6A,,
50QNED776RB.AEU,,50QNED77Rxx,,
50QNED753RA.AEU,,50QNED75Rxx,,
43QNED80T6A.AEU,,43QNED80T6A,,
43QNED776RB.AEU,,43QNED77Rxx,,
43QNED753RA.AEU,,43QNED75Rxx,,
86NANO81T6A.AEU,,86NANO81T6A,,
86NANO763QA.AEU,,86NANO76Qxx,,
75NANO82T6B.AEU,,75NANO82T6B,,
75NANO81T6A.AEU,,75NANO81T6A,,
75NANO763QA.AEU,,75NANO76Qxx,,
70NANO763QA.AEU,,70NANO76Qxx,,
65NANO82T6B.AEU,,65NANO82T6B,,
65NANO81T6A.AEU,,65NANO81T6A,,
65NANO763QA.AEU,,65NANO76Qxx,,
65NANO756QC.AEU,,65NANO75Qxx,,
55NANO82T6B.AEU,,55NANO82T6B,,
55NANO81T6A.AEU,,55NANO81T6A,,
55NANO763QA.AEU,,55NANO76Qxx,,
55NANO756QC.AEU,,55NANO75Qxx,,
50NANO82T6B.AEU,,50NANO82T6B,,
50NANO81T6A.AEU,,50NANO81T6A,,
50NANO813QA.AEU,,50NANO81Qxx,,
50NANO763QA.AEU,,50NANO76Qxx,,
43NANO82T6B.AEU,,43NANO82T6B,,
43NANO81T6A.AEU,,43NANO81T6A,,
43NANO763QA.AEU,,43NANO76Qxx,,
43NANO756QC.AEU,,43NANO75Qxx,,
86UT81006LA.AEU,,86UT81006LA,,
86UR81003LA.AEU,,86UR81003LA,,
86UR78003LB.AEU,,86UR78003LB,,
86UR76003LC.AEU,,86UR76003LC,,
75UT91006LA.AEU,,75UT91006LA,,
75UT81006LA.AEU,,75UT81006LA,,
75UR91003LA.AEU,,75UR91003LA,,
75UR81003LJ.AEU,,75UR81003LJ,,
75UR78003LK.AEU,,75UR78003LK,,
75UR76003LL.AEU,,75UR76003LL,,
70UR80003LJ.AEU,,70UR80003LJ,,
70UQ81003LB.AEU,,70UQ81003LB,,
65UT91006LA.AEU,,65UT91006LA,,
65UT81006LA.AEU,,65UT81006LA,,
65UT73006LA.AEEQ,,65UT73006LA,,
65UR91003LA.AEU,,65UR91003LA,,
65UR81003LJ.AEU,,65UR81003LJ,,
65UR80003LJ.AEU,,65UR80003LJ,,
65UR78006LK.AEU,,65UR78006LK,,
65UR78003LK.AEU,,65UR78003LK,,
65UR76003LL.AEU,,65UR76003LL,,
65UR73003LA.AEEQ,,65UR73003LA,,
65UQ70003LB.AEEQ,,65UQ70003LB,,
60UQ81003LB.AEU,,60UQ81003LB,,
55UT91006LA.AEU,,55UT91006LA,,
55UT81006LA.AEU,,55UT81006LA,,
55UT73006LA.AEEQ,,55UT73006LA,,
55UR91003LA.AEU,,55UR91003LA,,
55UR81003LJ.AEU,,55UR81003LJ,,
55UR80003LJ.AEU,,55UR80003LJ,,
55UR78006LK.AEU,,55UR78006LK,,
55UR78003LK.AEU,,55UR78003LK,,
55UR74003LB.AEEQ,,55UR74003LB,,
55UR73006LA.AEEQ,,55UR73006LA,,
55UR73003LA.AEEQ,,55UR73003LA,,
55UQ81003LB.AEU,,55UQ81003LB,,
55UP80003LR.AEU,,55UP80003LR,,
50UT91006LA.AEU,,50UT91006LA,,
50UT81006LA.AEU,,50UT81006LA,,
50UT73006LA.AEEQ,,50UT73006LA,,
50UR91003LA.AEU,,50UR91003LA,,
50UR81003LJ.AEU,,50UR81003LJ,,
50UR80003LJ.AEU,,50UR80003LJ,,
50UR78006LK.AEU,,50UR78006LK,,
50UR78003LK.AEU,,50UR78003LK,,
50UR73003LA.AEEQ,,50UR73003LA,,
50UQ80003LB.AEU,,50UQ80003LB,,
50UQ75003LF.AEU,,50UQ75003LF,,
50UP77003LB.AEU,,50UP77003LB,,
43UT91006LA.AEU,,43UT91006LA,,
43UT81006LA.AEU,,43UT81006LA,,
43UT73006LA.AEEQ,,43UT73006LA,,
43UR91003LA.AEU,,43UR91003LA,,
43UR81003LJ.AEU,,43UR81003LJ,,
43UR80003LJ.AEU,,43UR80003LJ,,
43UR78006LK.AEU,,43UR78006LK,,
43UR78003LK.AEU,,43UR78003LK,,
43UR74003LB.AEEQ,,43UR74003LB,,
43UR73003LA.AEEQ,,43UR73003LA,,
43UQ81003LB.AEU,,43UQ81xx,,
43UQ76903LE.AEU,,43UQ76xx,,
32LQ63806LC.AEU,,32LQ63xx,,
32LQ630B6LA.AEU,,32LQ63xx,,
32LQ63006LA.AEU,,32LQ63xx,,
32LQ570B6LA.AEU,,32LQ57xx,,
27ART10AKPL.AEUW,,27ART10xx,,
